,,,Skeleton,,Knight,,Ranger,,Ghost,
Node,Elite Pacts,Books,Gold,Time,Gold,Time,Gold,Time,Gold,Time
Level 1-1,1,,0.493,0:05:00,0.577,0:15:00,0.657,0:25:00,0.734,0:35:00
HP 1-1,,1,0.535,0:10:00,0.696,0:30:00,0.846,0:50:00,0.989,1:10:00
HP 1-2,,2,0.577,0:15:00,0.809,0:45:00,1.020,1:15:00,1.230,1:45:00
HP 1-3,,3,0.618,0:20:00,0.918,1:00:00,1.190,1:40:00,1.460,2:20:00
HP 1-4,,4,0.657,0:25:00,1.020,1:15:00,1.330,2:05:00,1.690,2:55:00
HP 1-5,,5,0.696,0:30:00,1.120,1:30:00,1.530,2:30:00,1.910,3:30:00
HP 1-6,,6,0.734,0:35:00,1.230,1:45:00,1.690,2:55:00,2.130,4:05:00
HP 1-7,,7,0.772,0:40:00,1.330,2:00:00,1.850,3:20:00,2.380,4:40:00
HP 1-8,,8,0.809,0:45:00,1.430,2:15:00,2.010,3:45:00,2.560,5:15:00
HP 1-9,,9,0.846,0:50:00,1.530,2:30:00,2.160,4:10:00,2.770,5:50:00
HP 1-10,,10,0.918,1:00:00,1.720,3:00:00,2.470,5:00:00,3.190,7:00:00
ATK 1-1,,2,0.618,0:20:00,0.918,1:00:00,1.190,1:40:00,1.460,2:20:00
ATK 1-2,,3,0.696,0:30:00,1.120,1:30:00,1.530,2:30:00,1.910,3:30:00
ATK 1-3,,4,0.772,0:40:00,1.330,2:00:00,1.850,3:20:00,2.380,4:40:00
ATK 1-4,,5,0.846,0:50:00,1.530,2:30:00,2.160,4:10:00,2.770,5:50:00
ATK 1-5,,6,0.918,1:00:00,1.720,3:00:00,2.470,5:00:00,3.190,7:00:00
ATK 1-6,,7,0.989,1:10:00,1.910,3:30:00,2.770,5:50:00,3.600,8:10:00
ATK 1-7,,8,1.050,1:20:00,2.100,4:00:00,3.070,6:40:00,4.000,9:20:00
ATK 1-8,,9,1.120,1:30:00,2.290,4:30:00,3.370,7:30:00,4.400,10:30:00
ATK 1-9,,10,1.230,1:45:00,2.470,5:00:00,3.660,8:20:00,4.800,11:40:00
ATK 1-10,,11,1.330,2:00:00,2.830,6:00:00,4.230,10:00:00,5.580,14:00:00
DEF 1-1,,3,0.577,0:15:00,0.809,0:45:00,1.020,1:15:00,1.230,1:45:00
DEF 1-2,,5,0.696,0:30:00,1.120,1:30:00,1.530,2:30:00,1.910,3:30:00
DEF 1-3,,7,0.809,0:45:00,1.430,2:15:00,2.010,3:45:00,2.560,5:15:00
DEF 1-4,,9,0.918,1:00:00,1.720,3:00:00,2.470,5:00:00,3.190,7:00:00
DEF 1-5,,11,1.020,1:15:00,2.010,3:45:00,2.920,6:15:00,3.800,8:45:00
DEF 1-6,,13,1.120,1:30:00,2.290,4:30:00,3.370,7:30:00,4.400,10:30:00
DEF 1-7,,15,1.230,1:45:00,2.560,5:15:00,3.800,8:45:00,4.996,12:15:00
DEF 1-8,,17,1.330,2:00:00,2.830,6:00:00,4.230,10:00:00,5.580,14:00:00
DEF 1-9,,19,1.430,2:15:00,3.100,6:45:00,4.660,11:15:00,6.150,15:45:00
DEF 1-10,,21,1.530,2:30:00,3.370,7:30:00,5.080,12:30:00,6.720,17:30:00
Enhanced HP 1,,6,0.618,0:20:00,0.918,1:00:00,1.190,1:40:00,1.460,2:20:00
Enhanced HP 2,,8,0.696,0:30:00,1.120,1:30:00,1.530,2:30:00,1.910,3:30:00
Enhanced HP 3,,10,0.772,0:40:00,1.330,2:00:00,1.850,3:20:00,2.380,4:40:00
Enhanced HP 4,,12,0.846,0:50:00,1.530,2:30:00,2.160,4:10:00,2.770,5:50:00
Enhanced HP 5,,14,0.918,1:00:00,1.720,3:00:00,2.470,5:00:00,3.190,7:00:00
Enhanced ATK 1,,8,0.696,0:30:00,1.120,1:30:00,1.530,2:30:00,1.910,3:30:00
Enhanced ATK 2,,10,0.809,0:45:00,1.430,2:15:00,2.010,3:45:00,2.560,5:15:00
Enhanced ATK 3,,12,0.918,1:00:00,1.720,3:00:00,2.470,5:00:00,3.190,7:00:00
Enhanced ATK 4,,14,1.020,1:15:00,2.010,3:45:00,2.920,6:15:00,3.800,8:45:00
Enhanced ATK 5,,16,1.120,1:30:00,2.290,4:30:00,3.370,7:30:00,4.400,10:30:00
Enhanced DEF 1,,9,0.772,0:40:00,1.330,2:00:00,1.850,3:20:00,2.380,4:40:00
Enhanced DEF 2,,12,0.918,1:00:00,1.720,3:00:00,2.470,5:00:00,3.190,7:00:00
Enhanced DEF 3,,15,1.050,1:20:00,2.100,4:00:00,3.070,6:40:00,4.000,9:20:00
Enhanced DEF 4,,18,1.190,1:40:00,2.470,5:00:00,3.660,8:20:00,4.800,11:40:00
Enhanced DEF 5,,21,1.330,2:00:00,2.830,6:00:00,4.230,10:00:00,5.580,14:00:00
Middle 1-1,1,,1.120,1:30:00,2.290,4:30:00,3.370,7:30:00,4.400,10:30:00
Middle 1-2,3,,1.120,1:30:00,2.740,5:45:00,4.230,10:00:00,6.720,17:30:00
Middle 1-3,5,,1.120,1:30:00,3.190,7:00:00,5.080,12:30:00,10.030,28:00:00
Level 2-1,2,,0.696,0:30:00,0.846,0:50:00,0.989,1:10:00,1.120,1:30:00
Level 2-2,5,,0.918,1:00:00,1.190,1:40:00,1.460,2:20:00,1.720,3:00:00
Level 2-3,10,,1.120,1:30:00,1.530,2:30:00,1.910,3:30:00,2.290,4:30:00
HP 2-1,,2,0.696,0:30:00,0.846,0:50:00,0.989,1:10:00,1.120,1:30:00
HP 2-2,,4,0.809,0:45:00,1.020,1:15:00,1.230,1:45:00,1.430,2:15:00
HP 2-3,,6,0.918,1:00:00,1.190,1:40:00,1.460,2:20:00,1.720,3:00:00
HP 2-4,,9,1.020,1:15:00,1.330,2:05:00,1.690,2:55:00,2.010,3:45:00
HP 2-5,,11,1.120,1:30:00,1.530,2:30:00,1.910,3:30:00,2.290,4:30:00
HP 2-6,,13,1.230,1:45:00,1.690,2:55:00,2.130,4:05:00,2.560,5:15:00
HP 2-7,,16,1.330,2:00:00,1.850,3:20:00,2.380,4:40:00,2.830,6:00:00
HP 2-8,,18,1.430,2:15:00,2.010,3:45:00,2.560,5:15:00,3.100,6:45:00
HP 2-9,,20,1.530,2:30:00,2.160,4:10:00,2.770,5:50:00,3.370,7:30:00
HP 2-10,,22,1.720,3:00:00,2.470,5:00:00,3.190,7:00:00,3.890,9:00:00
ATK 2-1,,4,0.918,1:00:00,1.190,1:40:00,1.460,2:20:00,1.720,3:00:00
ATK 2-2,,6,1.120,1:30:00,1.530,2:30:00,1.910,3:30:00,2.290,4:30:00
ATK 2-3,,9,1.330,2:00:00,1.850,3:20:00,2.380,4:40:00,2.830,6:00:00
ATK 2-4,,11,1.530,2:30:00,2.160,4:10:00,2.770,5:50:00,3.370,7:30:00
ATK 2-5,,13,1.720,3:00:00,2.470,5:00:00,3.190,7:00:00,3.890,9:00:00
ATK 2-6,,16,1.910,3:30:00,2.770,5:50:00,3.600,8:10:00,4.400,10:30:00
ATK 2-7,,18,2.100,4:00:00,3.070,6:40:00,4.000,9:20:00,4.910,12:00:00
ATK 2-8,,20,2.290,4:30:00,3.370,7:30:00,4.400,10:30:00,5.410,13:30:00
ATK 2-9,,22,2.470,5:00:00,3.660,8:20:00,4.800,11:40:00,5.910,15:00:00
ATK 2-10,,25,2.830,6:00:00,4.230,10:00:00,5.580,14:00:00,6.880,18:00:00
DEF 2-1,,6,0.809,0:45:00,1.020,1:15:00,1.230,1:45:00,1.430,2:15:00
DEF 2-2,,11,1.120,1:30:00,1.530,2:30:00,1.910,3:30:00,2.290,4:30:00
DEF 2-3,,16,1.430,2:15:00,2.010,3:45:00,2.560,5:15:00,3.100,6:45:00
DEF 2-4,,20,1.720,3:00:00,2.470,5:00:00,3.190,7:00:00,3.890,9:00:00
DEF 2-5,,25,2.010,3:45:00,2.920,6:15:00,3.800,8:45:00,4.660,11:15:00
DEF 2-6,,29,2.290,4:30:00,3.370,7:30:00,4.400,10:30:00,5.410,13:30:00
DEF 2-7,,34,2.560,5:15:00,3.800,8:45:00,4.996,12:15:00,6.150,15:45:00
DEF 2-8,,38,2.830,6:00:00,4.230,10:00:00,5.580,14:00:00,6.880,18:00:00
DEF 2-9,,43,3.100,6:45:00,4.660,11:15:00,6.150,15:45:00,7.600,20:15:00
DEF 2-10,,48,3.370,7:30:00,5.080,12:30:00,6.720,17:30:00,9.870,27:30:00
Right A 2-1,,13,0.918,1:00:00,1.190,1:40:00,1.460,2:20:00,1.720,3:00:00
Right A 2-2,,18,1.120,1:30:00,1.530,2:30:00,1.910,3:30:00,2.290,4:30:00
Right A 2-3,,22,1.330,2:00:00,1.850,3:20:00,2.380,4:40:00,2.830,6:00:00
Right A 2-4,,27,1.530,2:30:00,2.160,4:10:00,2.770,5:50:00,3.370,7:30:00
Right A 2-5,,32,1.720,3:00:00,2.470,5:00:00,3.190,7:00:00,3.890,9:00:00
Right B 2-1,,18,1.120,1:30:00,1.530,2:30:00,1.910,3:30:00,2.290,4:30:00
Right B 2-2,,22,1.430,2:15:00,2.010,3:45:00,2.560,5:15:00,3.100,6:45:00
Right B 2-3,,27,1.720,3:00:00,2.470,5:00:00,3.190,7:00:00,3.890,9:00:00
Right B 2-4,,32,2.010,3:45:00,2.920,6:15:00,3.800,8:45:00,4.660,11:15:00
Right B 2-5,,36,2.290,4:30:00,3.370,7:30:00,4.400,10:30:00,5.410,13:30:00
Right C 2-1,,20,1.330,2:00:00,1.850,3:20:00,2.380,4:40:00,2.830,6:00:00
Right C 2-2,,27,1.720,3:00:00,2.470,5:00:00,3.190,7:00:00,3.890,9:00:00
Right C 2-3,,34,2.100,4:00:00,3.070,6:40:00,4.000,9:20:00,4.910,12:00:00
Right C 2-4,,41,2.470,5:00:00,3.660,8:20:00,4.800,11:40:00,5.910,15:00:00
Right C 2-5,,48,2.830,6:00:00,4.230,10:00:00,5.580,14:00:00,6.880,18:00:00
Middle 2-1,3,,2.290,4:30:00,3.370,7:30:00,4.400,10:30:00,5.410,13:30:00
Middle 2-2,6,,2.290,4:30:00,4.570,11:00:00,6.720,17:30:00,8.310,22:30:00
Middle 2-3,9,,2.290,4:30:00,5.747,14:30:00,8.941,24:30:00,11.998,34:30:00
Level 3-1,5,,0.846,0:50:00,0.989,1:10:00,1.120,1:30:00,1.330,1:50:00
Level 3-2,10,,1.190,1:40:00,1.460,2:20:00,1.720,3:00:00,1.970,3:40:00
Level 3-3,15,,1.530,2:30:00,1.910,3:30:00,2.290,4:30:00,2.650,5:30:00
HP 3-1,,3,0.846,0:50:00,0.989,1:10:00,1.120,1:30:00,1.330,1:50:00
HP 3-2,,7,1.020,1:15:00,1.230,1:45:00,1.430,2:15:00,1.630,2:45:00
HP 3-3,,10,1.190,1:40:00,1.460,2:20:00,1.720,3:00:00,1.970,3:40:00
HP 3-4,,14,1.330,2:05:00,1.690,2:55:00,2.010,3:45:00,2.335,4:35:00
HP 3-5,,18,1.530,2:30:00,1.910,3:30:00,2.290,4:30:00,2.650,5:30:00
HP 3-6,,21,1.690,2:55:00,2.130,4:05:00,2.560,5:15:00,2.980,6:25:00
HP 3-7,,25,1.850,3:20:00,2.380,4:40:00,2.830,6:00:00,3.310,7:20:00
HP 3-8,,28,2.010,3:45:00,2.560,5:15:00,3.100,6:45:00,3.630,8:15:00
HP 3-9,,32,2.160,4:10:00,2.770,5:50:00,3.370,7:30:00,3.950,9:10:00
HP 3-10,,36,2.470,5:00:00,3.190,7:00:00,3.890,9:00:00,4.570,11:00:00
ATK 3-1,,7,1.190,1:40:00,1.460,2:20:00,1.720,3:00:00,1.970,3:40:00
ATK 3-2,,10,1.530,2:30:00,1.910,3:30:00,2.290,4:30:00,2.650,5:30:00
ATK 3-3,,14,1.850,3:20:00,2.380,4:40:00,2.830,6:00:00,3.310,7:20:00
ATK 3-4,,18,2.160,4:10:00,2.770,5:50:00,3.370,7:30:00,3.950,9:10:00
ATK 3-5,,21,2.470,5:00:00,3.190,7:00:00,3.890,9:00:00,4.570,11:00:00
ATK 3-6,,25,2.770,5:50:00,3.600,8:10:00,4.400,10:30:00,5.190,12:50:00
ATK 3-7,,28,3.070,6:40:00,4.000,9:20:00,4.910,12:00:00,5.800,14:40:00
ATK 3-8,,32,3.370,7:30:00,4.400,10:30:00,5.410,13:30:00,6.400,16:30:00
ATK 3-9,,36,3.660,8:20:00,4.800,11:40:00,5.910,15:00:00,6.990,18:20:00
ATK 3-10,,39,4.230,10:00:00,5.580,14:00:00,6.880,18:00:00,8.160,22:00:00
DEF 3-1,,10,1.020,1:15:00,1.230,1:45:00,1.430,2:15:00,1.630,2:45:00
DEF 3-2,,18,1.530,2:30:00,1.910,3:30:00,2.290,4:30:00,2.650,5:30:00
DEF 3-3,,25,2.010,3:45:00,2.560,5:15:00,3.100,6:45:00,3.630,8:15:00
DEF 3-4,,32,2.470,5:00:00,3.190,7:00:00,3.890,9:00:00,4.570,11:00:00
DEF 3-5,,39,2.920,6:15:00,3.800,8:45:00,4.660,11:15:00,5.490,13:45:00
DEF 3-6,,46,3.370,7:30:00,4.400,10:30:00,5.410,13:30:00,6.400,16:30:00
DEF 3-7,,54,3.800,8:45:00,4.996,12:15:00,6.150,15:45:00,7.281,19:15:00
DEF 3-8,,61,4.230,10:00:00,5.580,14:00:00,6.880,18:00:00,8.160,22:00:00
DEF 3-9,,68,4.660,11:15:00,6.150,15:45:00,7.600,20:15:00,9.020,24:45:00
DEF 3-10,,75,5.080,12:30:00,6.720,17:30:00,8.310,22:30:00,9.870,27:30:00
Right A 3-1,,21,1.190,1:40:00,1.460,2:20:00,1.720,3:00:00,1.970,3:40:00
Right A 3-2,,28,1.530,2:30:00,1.910,3:30:00,2.290,4:30:00,2.650,5:30:00
Right A 3-3,,36,1.850,3:20:00,2.380,4:40:00,2.830,6:00:00,3.310,7:20:00
Right A 3-4,,43,2.160,4:10:00,2.770,5:50:00,3.370,7:30:00,3.950,9:10:00
Right A 3-5,,50,2.470,5:00:00,3.190,7:00:00,3.890,9:00:00,4.570,11:00:00
Right B 3-1,,28,1.530,2:30:00,1.910,3:30:00,2.290,4:30:00,2.650,5:30:00
Right B 3-2,,36,2.010,3:45:00,2.560,5:15:00,3.100,6:45:00,3.630,8:15:00
Right B 3-3,,43,2.470,5:00:00,3.190,7:00:00,3.890,9:00:00,4.570,11:00:00
Right B 3-4,,50,2.920,6:15:00,3.800,8:45:00,4.660,11:15:00,5.490,13:45:00
Right B 3-5,,57,3.370,7:30:00,4.400,10:30:00,5.410,13:30:00,6.400,16:30:00
Right C 3-1,,32,1.850,3:20:00,2.380,4:40:00,2.830,6:00:00,3.310,7:20:00
Right C 3-2,,43,2.470,5:00:00,3.190,7:00:00,3.890,9:00:00,4.570,11:00:00
Right C 3-3,,54,3.070,6:40:00,4.000,9:20:00,4.910,12:00:00,5.800,14:40:00
Right C 3-4,,65,3.660,8:20:00,4.800,11:40:00,5.910,15:00:00,6.990,18:20:00
Right C 3-5,,75,4.230,10:00:00,5.580,14:00:00,6.880,18:00:00,8.160,22:00:00
Middle 3-1,4,,3.370,7:30:00,4.400,10:30:00,5.410,13:30:00,6.400,16:30:00
Middle 3-2,8,,3.370,7:30:00,,,,,,
Middle 3-3,12,,3.370,7:30:00,,,,,,
Level 4-1,8,,0.989,1:10:00,1.120,1:30:00,1.330,1:50:00,1.400,2:10:00
HP 4-1,,4,0.989,1:10:00,1.120,1:30:00,1.330,1:50:00,1.400,2:10:00
HP 4-2,,9,1.230,1:45:00,1.430,2:15:00,1.630,2:45:00,1.820,3:15:00
HP 4-3,,14,1.460,2:20:00,1.720,3:00:00,1.970,3:40:00,2.220,4:20:00
HP 4-4,,19,1.690,2:55:00,2.010,3:45:00,2.335,4:35:00,2.620,5:25:00
HP 4-5,,24,1.910,3:30:00,2.290,4:30:00,2.650,5:30:00,3.010,6:30:00
HP 4-6,,29,2.130,4:05:00,2.560,5:15:00,2.980,6:25:00,3.400,7:35:00
HP 4-7,,34,2.380,4:40:00,2.830,6:00:00,3.310,7:20:00,3.770,8:40:00
HP 4-8,,39,2.560,5:15:00,3.100,6:45:00,3.630,8:15:00,4.150,9:45:00
HP 4-9,,44,2.770,5:50:00,3.370,7:30:00,3.950,9:10:00,4.520,10:50:00
HP 4-10,,49,3.190,7:00:00,3.890,9:00:00,4.570,11:00:00,5.240,13:00:00
ATK 4-1,,9,1.460,2:20:00,1.720,3:00:00,1.970,3:40:00,2.220,4:20:00
ATK 4-2,,14,1.910,3:30:00,2.290,4:30:00,2.650,5:30:00,3.010,6:30:00
ATK 4-3,,19,2.380,4:40:00,2.830,6:00:00,3.310,7:20:00,3.770,8:40:00
ATK 4-4,,24,2.770,5:50:00,3.370,7:30:00,3.950,9:10:00,4.520,10:50:00
ATK 4-5,,29,3.190,7:00:00,3.890,9:00:00,4.570,11:00:00,5.240,13:00:00
ATK 4-6,,34,3.600,8:10:00,4.400,10:30:00,5.190,12:50:00,5.960,15:10:00
ATK 4-7,,39,4.000,9:20:00,4.910,12:00:00,5.800,14:40:00,6.670,17:20:00
ATK 4-8,,44,4.400,10:30:00,5.410,13:30:00,6.400,16:30:00,7.360,19:30:00
ATK 4-9,,49,4.800,11:40:00,5.910,15:00:00,6.990,18:20:00,8.055,21:40:00
ATK 4-10,,54,5.580,14:00:00,6.880,18:00:00,8.160,22:00:00,9.410,26:00:00
DEF 4-1,,14,1.230,1:45:00,1.430,2:15:00,1.630,2:45:00,1.820,3:15:00
DEF 4-2,,24,1.910,3:30:00,2.290,4:30:00,2.650,5:30:00,3.010,6:30:00
DEF 4-3,,34,2.560,5:15:00,3.100,6:45:00,3.630,8:15:00,4.150,9:45:00
DEF 4-4,,44,3.190,7:00:00,3.890,9:00:00,4.570,11:00:00,5.240,13:00:00
DEF 4-5,,54,3.800,8:45:00,4.660,11:15:00,5.490,13:45:00,6.310,16:15:00
DEF 4-6,,64,4.400,10:30:00,5.410,13:30:00,6.400,16:30:00,7.360,19:30:00
DEF 4-7,,74,4.996,12:15:00,6.150,15:45:00,7.281,19:15:00,8.390,22:45:00
DEF 4-8,,84,5.580,14:00:00,6.880,18:00:00,8.160,22:00:00,9.410,26:00:00
DEF 4-9,,94,6.150,15:45:00,7.600,20:15:00,9.020,24:45:00,10.410,29:15:00
DEF 4-10,,104,6.720,17:30:00,8.310,22:30:00,9.870,27:30:00,11.410,32:30:00
Right A 4-1,,29,1.460,2:20:00,1.720,3:00:00,1.970,3:40:00,2.220,4:20:00
Right A 4-2,,39,1.910,3:30:00,2.290,4:30:00,2.650,5:30:00,3.010,6:30:00
Right A 4-3,,49,2.380,4:40:00,2.830,6:00:00,3.310,7:20:00,3.770,8:40:00
Right A 4-4,,59,2.770,5:50:00,3.370,7:30:00,3.950,9:10:00,4.520,10:50:00
Right A 4-5,,69,3.190,7:00:00,3.890,9:00:00,4.570,11:00:00,5.240,13:00:00
Right B 4-1,,39,1.910,3:30:00,2.290,4:30:00,2.650,5:30:00,3.010,6:30:00
Right B 4-2,,49,2.560,5:15:00,3.100,6:45:00,3.630,8:15:00,4.150,9:45:00
Right B 4-3,,59,3.190,7:00:00,3.890,9:00:00,4.570,11:00:00,5.240,13:00:00
Right B 4-4,,69,3.800,8:45:00,4.660,11:15:00,5.490,13:45:00,6.310,16:15:00
Right B 4-5,,79,4.400,10:30:00,5.410,13:30:00,6.400,16:30:00,7.360,19:30:00
Right C 4-1,,44,2.380,4:40:00,2.830,6:00:00,3.310,7:20:00,3.770,8:40:00
Right C 4-2,,59,3.190,7:00:00,3.890,9:00:00,4.570,11:00:00,5.240,13:00:00
Right C 4-3,,74,4.000,9:20:00,4.910,12:00:00,5.800,14:40:00,6.670,17:20:00
Right C 4-4,,89,4.800,11:40:00,5.910,15:00:00,6.990,18:20:00,8.055,21:40:00
Right C 4-5,,104,5.580,14:00:00,6.880,18:00:00,8.160,22:00:00,9.410,26:00:00
Middle 4-1,6,104,4.400,10:30:00,5.410,13:30:00,6.400,16:30:00,7.360,19:30:00
Middle 4-2,12,,4.400,10:30:00,,,,,,
Middle 4-3,18,,4.400,10:30:00,,,,,,
Level 5-1,10,,1.120,1:30:00,1.330,1:50:00,1.400,2:10:00,1.530,2:30:00
Level 5-2,15,,1.720,3:00:00,1.970,3:40:00,2.220,4:20:00,2.470,5:00:00
Level 5-3,20,,2.290,4:30:00,2.650,5:30:00,3.010,6:30:00,3.370,7:30:00
HP 5-1,,6,1.120,1:30:00,1.330,1:50:00,1.400,2:10:00,1.530,2:30:00
HP 5-2,,12,1.430,2:15:00,1.630,2:45:00,1.820,3:15:00,2.010,3:45:00
HP 5-3,,18,1.720,3:00:00,1.970,3:40:00,2.220,4:20:00,2.470,5:00:00
HP 5-4,,25,2.010,3:45:00,2.335,4:35:00,2.620,5:25:00,2.920,6:15:00
HP 5-5,,31,2.290,4:30:00,2.650,5:30:00,3.010,6:30:00,3.370,7:30:00
HP 5-6,,37,2.560,5:15:00,2.980,6:25:00,3.400,7:35:00,3.800,8:45:00
HP 5-7,,44,2.830,6:00:00,3.310,7:20:00,3.770,8:40:00,4.230,10:00:00
HP 5-8,,50,3.100,6:45:00,3.630,8:15:00,4.150,9:45:00,4.660,11:15:00
HP 5-9,,56,3.370,7:30:00,3.950,9:10:00,4.520,10:50:00,5.080,12:30:00
HP 5-10,,63,3.890,9:00:00,4.570,11:00:00,5.240,13:00:00,5.910,15:00:00
ATK 5-1,,12,1.720,3:00:00,1.970,3:40:00,2.220,4:20:00,2.470,5:00:00
ATK 5-2,,18,2.290,4:30:00,2.650,5:30:00,3.010,6:30:00,3.370,7:30:00
ATK 5-3,,25,2.830,6:00:00,3.310,7:20:00,3.770,8:40:00,4.230,10:00:00
ATK 5-4,,31,3.370,7:30:00,3.950,9:10:00,4.520,10:50:00,5.080,12:30:00
ATK 5-5,,37,3.890,9:00:00,4.570,11:00:00,5.240,13:00:00,5.910,15:00:00
ATK 5-6,,43,4.400,10:30:00,5.190,12:50:00,5.960,15:10:00,6.720,17:30:00
ATK 5-7,,50,4.910,12:00:00,5.800,14:40:00,6.670,17:20:00,7.520,20:00:00
ATK 5-8,,56,5.410,13:30:00,6.400,16:30:00,7.360,19:30:00,8.310,22:30:00
ATK 5-9,,63,5.910,15:00:00,6.990,18:20:00,8.055,21:40:00,9.100,25:00:00
ATK 5-10,,69,6.880,18:00:00,8.160,22:00:00,9.410,26:00:00,10.640,30:00:00
DEF 5-1,,18,1.430,2:15:00,1.630,2:45:00,1.820,3:15:00,2.010,3:45:00
DEF 5-2,,31,2.290,4:30:00,2.650,5:30:00,3.010,6:30:00,3.370,7:30:00
DEF 5-3,,44,3.100,6:45:00,3.630,8:15:00,4.150,9:45:00,4.660,11:15:00
DEF 5-4,,56,3.890,9:00:00,4.570,11:00:00,5.240,13:00:00,5.910,15:00:00
DEF 5-5,,69,4.660,11:15:00,5.490,13:45:00,6.310,16:15:00,7.123,18:45:00
DEF 5-6,,82,5.410,13:30:00,6.400,16:30:00,7.360,19:30:00,8.310,22:30:00
DEF 5-7,,94,6.150,15:45:00,7.281,19:15:00,8.390,22:45:00,9.490,26:15:00
DEF 5-8,,107,6.880,18:00:00,8.160,22:00:00,9.410,26:00:00,10.640,30:00:00
DEF 5-9,,120,7.600,20:15:00,9.020,24:45:00,10.410,29:15:00,11.780,33:45:00
DEF 5-10,,132,8.310,22:30:00,9.870,27:30:00,11.410,32:30:00,12.872,37:30:00
Right A 5-1,,37,1.720,3:00:00,1.970,3:40:00,2.220,4:20:00,2.470,5:00:00
Right A 5-2,,50,2.290,4:30:00,2.650,5:30:00,3.010,6:30:00,3.370,7:30:00
Right A 5-3,,63,2.830,6:00:00,3.310,7:20:00,3.770,8:40:00,4.230,10:00:00
Right A 5-4,,75,3.370,7:30:00,3.950,9:10:00,4.520,10:50:00,5.080,12:30:00
Right A 5-5,,88,3.890,9:00:00,4.570,11:00:00,5.240,13:00:00,5.910,15:00:00
Right B 5-1,,50,2.290,4:30:00,2.650,5:30:00,3.010,6:30:00,3.370,7:30:00
Right B 5-2,,63,3.100,6:45:00,3.630,8:15:00,4.150,9:45:00,4.660,11:15:00
Right B 5-3,,75,3.890,9:00:00,4.570,11:00:00,5.240,13:00:00,5.910,15:00:00
Right B 5-4,,88,4.660,11:15:00,5.490,13:45:00,6.310,16:15:00,7.123,18:45:00
Right B 5-5,,100,5.410,13:30:00,6.400,16:30:00,7.360,19:30:00,8.310,22:30:00
Right C 5-1,,56,2.830,6:00:00,3.310,7:20:00,3.770,8:40:00,4.230,10:00:00
Right C 5-2,,75,3.890,9:00:00,4.570,11:00:00,5.240,13:00:00,5.910,15:00:00
Right C 5-3,,94,4.910,12:00:00,5.800,14:40:00,6.670,17:20:00,7.520,20:00:00
Right C 5-4,,113,5.910,15:00:00,6.990,18:20:00,8.055,21:40:00,9.100,25:00:00
Right C 5-5,,132,6.880,18:00:00,8.160,22:00:00,9.410,26:00:00,10.640,30:00:00
Middle 5-1,12,,5.410,13:30:00,6.400,16:30:00,7.360,19:30:00,8.310,22:30:00
Middle 5-2,18,,5.410,13:30:00,,,,,,
Middle 5-3,24,,5.410,13:30:00,,,,,,
Level 6-1,15,,1.330,1:50:00,1.400,2:10:00,1.530,2:30:00,1.660,2:50:00
HP 6-1,,10,1.330,1:50:00,1.400,2:10:00,1.530,2:30:00,1.660,2:50:00
HP 6-2,,17,1.630,2:45:00,1.820,3:15:00,2.010,3:45:00,2.195,4:15:00
HP 6-3,,24,1.970,3:40:00,2.220,4:20:00,2.470,5:00:00,2.710,5:40:00
HP 6-4,,32,2.335,4:35:00,2.620,5:25:00,2.920,6:15:00,3.217,7:05:00
HP 6-5,,40,2.650,5:30:00,3.010,6:30:00,3.370,7:30:00,3.720,8:30:00
HP 6-6,,48,2.980,6:25:00,3.400,7:35:00,3.800,8:45:00,4.202,9:55:00
HP 6-7,,56,3.310,7:20:00,3.770,8:40:00,4.230,10:00:00,4.687,11:20:00
HP 6-8,,64,3.630,8:15:00,4.150,9:45:00,4.660,11:15:00,5.160,12:45:00
HP 6-9,,72,3.950,9:10:00,4.520,10:50:00,5.080,12:30:00,5.630,14:10:00
HP 6-10,,80,4.570,11:00:00,5.240,13:00:00,5.910,15:00:00,6.560,17:00:00
ATK 6-1,,20,1.970,3:40:00,2.220,4:20:00,2.470,5:00:00,2.710,5:40:00
ATK 6-2,,27,2.650,5:30:00,3.010,6:30:00,3.370,7:30:00,3.720,8:30:00
ATK 6-3,,34,3.310,7:20:00,3.770,8:40:00,4.230,10:00:00,4.687,11:20:00
ATK 6-4,,41,3.950,9:10:00,4.520,10:50:00,5.080,12:30:00,5.630,14:10:00
ATK 6-5,,48,4.570,11:00:00,5.240,13:00:00,5.910,15:00:00,6.560,17:00:00
ATK 6-6,,55,5.190,12:50:00,5.960,15:10:00,6.720,17:30:00,7.467,19:50:00
ATK 6-7,,62,5.800,14:40:00,6.670,17:20:00,7.520,20:00:00,8.364,22:40:00
ATK 6-8,,70,6.400,16:30:00,7.360,19:30:00,8.310,22:30:00,9.250,25:30:00
ATK 6-9,,78,6.990,18:20:00,8.055,21:40:00,9.100,25:00:00,10.132,28:20:00
ATK 6-10,,86,8.160,22:00:00,9.410,26:00:00,10.640,30:00:00,11.853,34:00:00
DEF 6-1,,25,1.630,2:45:00,1.820,3:15:00,2.010,3:45:00,2.195,4:15:00
DEF 6-2,,40,2.650,5:30:00,3.130,6:50:00,3.600,8:10:00,4.066,9:30:00
DEF 6-3,,55,3.630,8:15:00,4.372,10:25:00,5.104,12:35:00,5.830,14:45:00
DEF 6-4,,70,4.570,11:00:00,5.580,14:00:00,6.560,17:00:00,7.520,20:00:00
DEF 6-5,,85,5.490,13:45:00,6.747,17:35:00,7.976,21:25:00,9.171,25:15:00
DEF 6-6,,100,6.400,16:30:00,7.894,21:10:00,9.355,25:50:00,10.797,30:30:00
DEF 6-7,,116,7.281,19:15:00,9.020,24:45:00,10.718,30:15:00,12.362,35:45:00
DEF 6-8,,132,8.160,22:00:00,10.132,28:20:00,12.047,34:40:00,13.890,41:00:00
DEF 6-9,,148,9.020,24:45:00,11.241,31:55:00,13.333,39:05:00,15.419,46:15:00
DEF 6-10,,164,9.870,27:30:00,12.289,35:30:00,14.618,43:30:00,16.947,51:30:00
Right A 6-1,,44,1.970,3:40:00,2.220,4:20:00,2.470,5:00:00,2.710,5:40:00
Right A 6-2,,61,2.650,5:30:00,3.010,6:30:00,3.370,7:30:00,3.720,8:30:00
Right A 6-3,,77,3.310,7:20:00,3.770,8:40:00,4.230,10:00:00,4.687,11:20:00
Right A 6-4,,92,3.950,9:10:00,4.520,10:50:00,5.080,12:30:00,5.630,14:10:00
Right A 6-5,,108,4.570,11:00:00,5.240,13:00:00,5.910,15:00:00,6.560,17:00:00
Right B 6-1,,64,2.650,5:30:00,3.010,6:30:00,3.370,7:30:00,3.720,8:30:00
Right B 6-2,,77,3.630,8:15:00,4.150,9:45:00,4.660,11:15:00,5.160,12:45:00
Right B 6-3,,92,4.570,11:00:00,5.240,13:00:00,5.910,15:00:00,6.560,17:00:00
Right B 6-4,,108,5.490,13:45:00,6.310,16:15:00,7.123,18:45:00,7.920,21:15:00
Right B 6-5,,123,6.400,16:30:00,7.360,19:30:00,8.310,22:30:00,9.250,25:30:00
Right C 6-1,,80,3.310,7:20:00,3.770,8:40:00,4.230,10:00:00,4.687,11:20:00
Right C 6-2,,98,4.570,11:00:00,5.240,13:00:00,5.910,15:00:00,6.560,17:00:00
Right C 6-3,,116,5.800,14:40:00,6.670,17:20:00,7.520,20:00:00,8.364,22:40:00
Right C 6-4,,138,6.990,18:20:00,8.055,21:40:00,9.100,25:00:00,10.132,28:20:00
Right C 6-5,,156,8.160,22:00:00,9.516,26:20:00,10.640,30:00:00,11.853,34:00:00
Middle 6-1,20,,6.400,16:30:00,7.360,19:30:00,8.310,22:30:00,9.250,25:30:00
Middle 6-2,30,,6.400,16:30:00,10.512,29:35:00,13.502,39:40:00,14.327,42:30:00
Middle 6-3,40,,6.400,16:30:00,13.502,39:40:00,18.499,56:50:00,21.750,68:00:00